{"mse": 2.6003561664527762e-05, "r2": 0.9999740192080989}